timestamp,device_id,vibration_mm_s,temperature_c,pressure_bar,rpm,fault_mode,anomaly_pred,anomaly_score,forecast,action,severity,auth_ok,report
2026-04-30T08:38:08.499475+00:00,PUMP-A1-Houston-Plant,2.512,64.81,4.503,1755,healthy,1,-0.3578,2.522,CONTINUE,NORMAL,True,"[NORMAL] Pump PUMP-A1-Houston-Plant reports vibration 2.51 mm/s, temperature 64.8 C, pressure 4.50 bar. Anomaly score: -0.358. Forecast: 2.52 mm/s in 5 ticks. Recommended action: CONTINUE."
2026-04-30T08:38:08.503065+00:00,PUMP-A1-Houston-Plant,2.236,65.67,4.477,1746,healthy,1,-0.4289,2.558,CONTINUE,NORMAL,True,"[NORMAL] Pump PUMP-A1-Houston-Plant reports vibration 2.24 mm/s, temperature 65.7 C, pressure 4.48 bar. Anomaly score: -0.429. Forecast: 2.56 mm/s in 5 ticks. Recommended action: CONTINUE."
2026-04-30T08:38:08.507151+00:00,PUMP-A1-Houston-Plant,2.343,65.37,4.534,1759,healthy,1,-0.3892,2.513,CONTINUE,NORMAL,True,"[NORMAL] Pump PUMP-A1-Houston-Plant reports vibration 2.34 mm/s, temperature 65.4 C, pressure 4.53 bar. Anomaly score: -0.389. Forecast: 2.51 mm/s in 5 ticks. Recommended action: CONTINUE."
2026-04-30T08:38:08.510804+00:00,PUMP-A1-Houston-Plant,2.634,65.11,4.516,1757,healthy,1,-0.3499,2.48,CONTINUE,NORMAL,True,"[NORMAL] Pump PUMP-A1-Houston-Plant reports vibration 2.63 mm/s, temperature 65.1 C, pressure 4.52 bar. Anomaly score: -0.350. Forecast: 2.48 mm/s in 5 ticks. Recommended action: CONTINUE."
2026-04-30T08:38:08.514309+00:00,PUMP-A1-Houston-Plant,2.368,64.98,4.519,1747,healthy,1,-0.3648,2.481,CONTINUE,NORMAL,True,"[NORMAL] Pump PUMP-A1-Houston-Plant reports vibration 2.37 mm/s, temperature 65.0 C, pressure 4.52 bar. Anomaly score: -0.365. Forecast: 2.48 mm/s in 5 ticks. Recommended action: CONTINUE."
2026-04-30T08:38:08.517913+00:00,PUMP-A1-Houston-Plant,2.608,64.86,4.534,1751,healthy,1,-0.3583,2.469,CONTINUE,NORMAL,True,"[NORMAL] Pump PUMP-A1-Houston-Plant reports vibration 2.61 mm/s, temperature 64.9 C, pressure 4.53 bar. Anomaly score: -0.358. Forecast: 2.47 mm/s in 5 ticks. Recommended action: CONTINUE."
2026-04-30T08:38:08.521611+00:00,PUMP-A1-Houston-Plant,2.569,64.39,4.457,1760,healthy,1,-0.4095,2.455,CONTINUE,NORMAL,True,"[NORMAL] Pump PUMP-A1-Houston-Plant reports vibration 2.57 mm/s, temperature 64.4 C, pressure 4.46 bar. Anomaly score: -0.410. Forecast: 2.45 mm/s in 5 ticks. Recommended action: CONTINUE."
2026-04-30T08:38:08.524922+00:00,PUMP-A1-Houston-Plant,2.527,64.97,4.548,1756,healthy,1,-0.3636,2.417,CONTINUE,NORMAL,True,"[NORMAL] Pump PUMP-A1-Houston-Plant reports vibration 2.53 mm/s, temperature 65.0 C, pressure 4.55 bar. Anomaly score: -0.364. Forecast: 2.42 mm/s in 5 ticks. Recommended action: CONTINUE."
2026-04-30T08:38:08.528303+00:00,PUMP-A1-Houston-Plant,2.493,64.74,4.598,1755,healthy,1,-0.4297,2.451,CONTINUE,NORMAL,True,"[NORMAL] Pump PUMP-A1-Houston-Plant reports vibration 2.49 mm/s, temperature 64.7 C, pressure 4.60 bar. Anomaly score: -0.430. Forecast: 2.45 mm/s in 5 ticks. Recommended action: CONTINUE."
2026-04-30T08:38:08.531761+00:00,PUMP-A1-Houston-Plant,2.264,65.34,4.538,1756,healthy,1,-0.4052,2.477,CONTINUE,NORMAL,True,"[NORMAL] Pump PUMP-A1-Houston-Plant reports vibration 2.26 mm/s, temperature 65.3 C, pressure 4.54 bar. Anomaly score: -0.405. Forecast: 2.48 mm/s in 5 ticks. Recommended action: CONTINUE."
2026-04-30T08:38:08.535202+00:00,PUMP-A1-Houston-Plant,2.439,65.59,4.463,1759,healthy,1,-0.3762,2.525,CONTINUE,NORMAL,True,"[NORMAL] Pump PUMP-A1-Houston-Plant reports vibration 2.44 mm/s, temperature 65.6 C, pressure 4.46 bar. Anomaly score: -0.376. Forecast: 2.52 mm/s in 5 ticks. Recommended action: CONTINUE."
2026-04-30T08:38:08.538662+00:00,PUMP-A1-Houston-Plant,2.544,65.68,4.481,1755,healthy,1,-0.3702,2.506,CONTINUE,NORMAL,True,"[NORMAL] Pump PUMP-A1-Houston-Plant reports vibration 2.54 mm/s, temperature 65.7 C, pressure 4.48 bar. Anomaly score: -0.370. Forecast: 2.51 mm/s in 5 ticks. Recommended action: CONTINUE."
2026-04-30T08:38:08.542155+00:00,PUMP-A1-Houston-Plant,2.627,64.87,4.501,1747,healthy,1,-0.357,2.493,CONTINUE,NORMAL,True,"[NORMAL] Pump PUMP-A1-Houston-Plant reports vibration 2.63 mm/s, temperature 64.9 C, pressure 4.50 bar. Anomaly score: -0.357. Forecast: 2.49 mm/s in 5 ticks. Recommended action: CONTINUE."
2026-04-30T08:38:08.545614+00:00,PUMP-A1-Houston-Plant,2.572,65.28,4.485,1752,healthy,1,-0.3486,2.474,CONTINUE,NORMAL,True,"[NORMAL] Pump PUMP-A1-Houston-Plant reports vibration 2.57 mm/s, temperature 65.3 C, pressure 4.49 bar. Anomaly score: -0.349. Forecast: 2.47 mm/s in 5 ticks. Recommended action: CONTINUE."
2026-04-30T08:38:08.549110+00:00,PUMP-A1-Houston-Plant,2.413,64.79,4.404,1741,healthy,1,-0.4262,2.443,CONTINUE,NORMAL,True,"[NORMAL] Pump PUMP-A1-Houston-Plant reports vibration 2.41 mm/s, temperature 64.8 C, pressure 4.40 bar. Anomaly score: -0.426. Forecast: 2.44 mm/s in 5 ticks. Recommended action: CONTINUE."
2026-04-30T08:38:08.552642+00:00,PUMP-A1-Houston-Plant,2.399,65.04,4.576,1752,healthy,1,-0.4027,2.461,CONTINUE,NORMAL,True,"[NORMAL] Pump PUMP-A1-Houston-Plant reports vibration 2.40 mm/s, temperature 65.0 C, pressure 4.58 bar. Anomaly score: -0.403. Forecast: 2.46 mm/s in 5 ticks. Recommended action: CONTINUE."
2026-04-30T08:38:08.556148+00:00,PUMP-A1-Houston-Plant,2.514,65.14,4.43,1750,healthy,1,-0.3917,2.467,CONTINUE,NORMAL,True,"[NORMAL] Pump PUMP-A1-Houston-Plant reports vibration 2.51 mm/s, temperature 65.1 C, pressure 4.43 bar. Anomaly score: -0.392. Forecast: 2.47 mm/s in 5 ticks. Recommended action: CONTINUE."
2026-04-30T08:38:08.559631+00:00,PUMP-A1-Houston-Plant,2.37,64.77,4.602,1764,healthy,1,-0.4466,2.518,CONTINUE,NORMAL,True,"[NORMAL] Pump PUMP-A1-Houston-Plant reports vibration 2.37 mm/s, temperature 64.8 C, pressure 4.60 bar. Anomaly score: -0.447. Forecast: 2.52 mm/s in 5 ticks. Recommended action: CONTINUE."
2026-04-30T08:38:08.563134+00:00,PUMP-A1-Houston-Plant,2.647,65.22,4.525,1743,healthy,1,-0.3571,2.501,CONTINUE,NORMAL,True,"[NORMAL] Pump PUMP-A1-Houston-Plant reports vibration 2.65 mm/s, temperature 65.2 C, pressure 4.53 bar. Anomaly score: -0.357. Forecast: 2.50 mm/s in 5 ticks. Recommended action: CONTINUE."
2026-04-30T08:38:08.566679+00:00,PUMP-A1-Houston-Plant,2.312,65.13,4.478,1744,healthy,1,-0.3869,2.514,CONTINUE,NORMAL,True,"[NORMAL] Pump PUMP-A1-Houston-Plant reports vibration 2.31 mm/s, temperature 65.1 C, pressure 4.48 bar. Anomaly score: -0.387. Forecast: 2.51 mm/s in 5 ticks. Recommended action: CONTINUE."
2026-04-30T08:38:08.570184+00:00,PUMP-A1-Houston-Plant,2.488,64.97,4.509,1745,healthy,1,-0.3511,2.449,CONTINUE,NORMAL,True,"[NORMAL] Pump PUMP-A1-Houston-Plant reports vibration 2.49 mm/s, temperature 65.0 C, pressure 4.51 bar. Anomaly score: -0.351. Forecast: 2.45 mm/s in 5 ticks. Recommended action: CONTINUE."
2026-04-30T08:38:08.573963+00:00,PUMP-A1-Houston-Plant,2.503,64.5,4.561,1762,healthy,1,-0.4135,2.487,CONTINUE,NORMAL,True,"[NORMAL] Pump PUMP-A1-Houston-Plant reports vibration 2.50 mm/s, temperature 64.5 C, pressure 4.56 bar. Anomaly score: -0.414. Forecast: 2.49 mm/s in 5 ticks. Recommended action: CONTINUE."
2026-04-30T08:38:08.577477+00:00,PUMP-A1-Houston-Plant,2.334,65.17,4.489,1750,healthy,1,-0.3791,2.359,CONTINUE,NORMAL,True,"[NORMAL] Pump PUMP-A1-Houston-Plant reports vibration 2.33 mm/s, temperature 65.2 C, pressure 4.49 bar. Anomaly score: -0.379. Forecast: 2.36 mm/s in 5 ticks. Recommended action: CONTINUE."
2026-04-30T08:38:08.581007+00:00,PUMP-A1-Houston-Plant,2.509,65.48,4.528,1744,healthy,1,-0.368,2.49,CONTINUE,NORMAL,True,"[NORMAL] Pump PUMP-A1-Houston-Plant reports vibration 2.51 mm/s, temperature 65.5 C, pressure 4.53 bar. Anomaly score: -0.368. Forecast: 2.49 mm/s in 5 ticks. Recommended action: CONTINUE."
2026-04-30T08:38:08.584509+00:00,PUMP-A1-Houston-Plant,2.512,64.99,4.46,1751,healthy,1,-0.3617,2.434,CONTINUE,NORMAL,True,"[NORMAL] Pump PUMP-A1-Houston-Plant reports vibration 2.51 mm/s, temperature 65.0 C, pressure 4.46 bar. Anomaly score: -0.362. Forecast: 2.43 mm/s in 5 ticks. Recommended action: CONTINUE."
2026-04-30T08:38:08.588016+00:00,PUMP-A1-Houston-Plant,2.497,65.54,4.491,1753,healthy,1,-0.3621,2.472,CONTINUE,NORMAL,True,"[NORMAL] Pump PUMP-A1-Houston-Plant reports vibration 2.50 mm/s, temperature 65.5 C, pressure 4.49 bar. Anomaly score: -0.362. Forecast: 2.47 mm/s in 5 ticks. Recommended action: CONTINUE."
2026-04-30T08:38:08.591567+00:00,PUMP-A1-Houston-Plant,2.163,64.33,4.516,1751,healthy,1,-0.466,2.395,CONTINUE,NORMAL,True,"[NORMAL] Pump PUMP-A1-Houston-Plant reports vibration 2.16 mm/s, temperature 64.3 C, pressure 4.52 bar. Anomaly score: -0.466. Forecast: 2.39 mm/s in 5 ticks. Recommended action: CONTINUE."
2026-04-30T08:38:08.595069+00:00,PUMP-A1-Houston-Plant,2.636,64.54,4.486,1731,healthy,1,-0.3724,2.445,CONTINUE,NORMAL,True,"[NORMAL] Pump PUMP-A1-Houston-Plant reports vibration 2.64 mm/s, temperature 64.5 C, pressure 4.49 bar. Anomaly score: -0.372. Forecast: 2.44 mm/s in 5 ticks. Recommended action: CONTINUE."
2026-04-30T08:38:08.598573+00:00,PUMP-A1-Houston-Plant,2.375,64.83,4.495,1746,healthy,1,-0.3585,2.411,CONTINUE,NORMAL,True,"[NORMAL] Pump PUMP-A1-Houston-Plant reports vibration 2.38 mm/s, temperature 64.8 C, pressure 4.50 bar. Anomaly score: -0.359. Forecast: 2.41 mm/s in 5 ticks. Recommended action: CONTINUE."
2026-04-30T08:38:08.601996+00:00,PUMP-A1-Houston-Plant,2.643,64.42,4.436,1753,healthy,1,-0.4276,2.418,CONTINUE,NORMAL,True,"[NORMAL] Pump PUMP-A1-Houston-Plant reports vibration 2.64 mm/s, temperature 64.4 C, pressure 4.44 bar. Anomaly score: -0.428. Forecast: 2.42 mm/s in 5 ticks. Recommended action: CONTINUE."
2026-04-30T08:38:08.605424+00:00,PUMP-A1-Houston-Plant,2.443,65.53,4.534,1752,healthy,1,-0.3744,2.4,CONTINUE,NORMAL,True,"[NORMAL] Pump PUMP-A1-Houston-Plant reports vibration 2.44 mm/s, temperature 65.5 C, pressure 4.53 bar. Anomaly score: -0.374. Forecast: 2.40 mm/s in 5 ticks. Recommended action: CONTINUE."
2026-04-30T08:38:08.609115+00:00,PUMP-A1-Houston-Plant,2.243,64.75,4.513,1745,healthy,1,-0.3976,2.566,CONTINUE,NORMAL,True,"[NORMAL] Pump PUMP-A1-Houston-Plant reports vibration 2.24 mm/s, temperature 64.8 C, pressure 4.51 bar. Anomaly score: -0.398. Forecast: 2.57 mm/s in 5 ticks. Recommended action: CONTINUE."
2026-04-30T08:38:08.612637+00:00,PUMP-A1-Houston-Plant,2.542,65.12,4.458,1742,healthy,1,-0.3624,2.317,CONTINUE,NORMAL,True,"[NORMAL] Pump PUMP-A1-Houston-Plant reports vibration 2.54 mm/s, temperature 65.1 C, pressure 4.46 bar. Anomaly score: -0.362. Forecast: 2.32 mm/s in 5 ticks. Recommended action: CONTINUE."
2026-04-30T08:38:08.616185+00:00,PUMP-A1-Houston-Plant,2.645,65.02,4.503,1757,healthy,1,-0.3524,2.535,CONTINUE,NORMAL,True,"[NORMAL] Pump PUMP-A1-Houston-Plant reports vibration 2.65 mm/s, temperature 65.0 C, pressure 4.50 bar. Anomaly score: -0.352. Forecast: 2.54 mm/s in 5 ticks. Recommended action: CONTINUE."
2026-04-30T08:38:08.619725+00:00,PUMP-A1-Houston-Plant,2.76,63.88,4.573,1757,healthy,1,-0.4759,2.53,CONTINUE,NORMAL,True,"[NORMAL] Pump PUMP-A1-Houston-Plant reports vibration 2.76 mm/s, temperature 63.9 C, pressure 4.57 bar. Anomaly score: -0.476. Forecast: 2.53 mm/s in 5 ticks. Recommended action: CONTINUE."
2026-04-30T08:38:08.623253+00:00,PUMP-A1-Houston-Plant,2.456,65.47,4.496,1762,healthy,1,-0.3674,2.566,CONTINUE,NORMAL,True,"[NORMAL] Pump PUMP-A1-Houston-Plant reports vibration 2.46 mm/s, temperature 65.5 C, pressure 4.50 bar. Anomaly score: -0.367. Forecast: 2.57 mm/s in 5 ticks. Recommended action: CONTINUE."
2026-04-30T08:38:08.626799+00:00,PUMP-A1-Houston-Plant,2.671,65.16,4.469,1750,healthy,1,-0.3589,2.701,CONTINUE,NORMAL,True,"[NORMAL] Pump PUMP-A1-Houston-Plant reports vibration 2.67 mm/s, temperature 65.2 C, pressure 4.47 bar. Anomaly score: -0.359. Forecast: 2.70 mm/s in 5 ticks. Recommended action: CONTINUE."
2026-04-30T08:38:08.630354+00:00,PUMP-A1-Houston-Plant,2.369,64.72,4.509,1749,healthy,1,-0.3624,2.443,CONTINUE,NORMAL,True,"[NORMAL] Pump PUMP-A1-Houston-Plant reports vibration 2.37 mm/s, temperature 64.7 C, pressure 4.51 bar. Anomaly score: -0.362. Forecast: 2.44 mm/s in 5 ticks. Recommended action: CONTINUE."
2026-04-30T08:38:08.633733+00:00,PUMP-A1-Houston-Plant,2.4,65.66,4.472,1750,healthy,1,-0.3839,2.541,CONTINUE,NORMAL,True,"[NORMAL] Pump PUMP-A1-Houston-Plant reports vibration 2.40 mm/s, temperature 65.7 C, pressure 4.47 bar. Anomaly score: -0.384. Forecast: 2.54 mm/s in 5 ticks. Recommended action: CONTINUE."
2026-04-30T08:38:08.637197+00:00,PUMP-A1-Houston-Plant,2.5,64.12,4.631,1746,healthy,1,-0.4944,2.436,CONTINUE,NORMAL,True,"[NORMAL] Pump PUMP-A1-Houston-Plant reports vibration 2.50 mm/s, temperature 64.1 C, pressure 4.63 bar. Anomaly score: -0.494. Forecast: 2.44 mm/s in 5 ticks. Recommended action: CONTINUE."
2026-04-30T08:38:08.640717+00:00,PUMP-A1-Houston-Plant,2.611,64.14,4.492,1737,healthy,1,-0.4202,2.599,CONTINUE,NORMAL,True,"[NORMAL] Pump PUMP-A1-Houston-Plant reports vibration 2.61 mm/s, temperature 64.1 C, pressure 4.49 bar. Anomaly score: -0.420. Forecast: 2.60 mm/s in 5 ticks. Recommended action: CONTINUE."
2026-04-30T08:38:08.644473+00:00,PUMP-A1-Houston-Plant,2.424,65.51,4.539,1754,healthy,1,-0.3813,2.462,CONTINUE,NORMAL,True,"[NORMAL] Pump PUMP-A1-Houston-Plant reports vibration 2.42 mm/s, temperature 65.5 C, pressure 4.54 bar. Anomaly score: -0.381. Forecast: 2.46 mm/s in 5 ticks. Recommended action: CONTINUE."
2026-04-30T08:38:08.648028+00:00,PUMP-A1-Houston-Plant,2.575,64.3,4.443,1754,healthy,1,-0.436,2.556,CONTINUE,NORMAL,True,"[NORMAL] Pump PUMP-A1-Houston-Plant reports vibration 2.58 mm/s, temperature 64.3 C, pressure 4.44 bar. Anomaly score: -0.436. Forecast: 2.56 mm/s in 5 ticks. Recommended action: CONTINUE."
2026-04-30T08:38:08.651511+00:00,PUMP-A1-Houston-Plant,2.704,65.18,4.528,1754,healthy,1,-0.3685,2.539,CONTINUE,NORMAL,True,"[NORMAL] Pump PUMP-A1-Houston-Plant reports vibration 2.70 mm/s, temperature 65.2 C, pressure 4.53 bar. Anomaly score: -0.369. Forecast: 2.54 mm/s in 5 ticks. Recommended action: CONTINUE."
2026-04-30T08:38:08.655043+00:00,PUMP-A1-Houston-Plant,2.605,65.19,4.445,1757,healthy,1,-0.3695,2.548,CONTINUE,NORMAL,True,"[NORMAL] Pump PUMP-A1-Houston-Plant reports vibration 2.60 mm/s, temperature 65.2 C, pressure 4.45 bar. Anomaly score: -0.370. Forecast: 2.55 mm/s in 5 ticks. Recommended action: CONTINUE."
2026-04-30T08:38:08.658723+00:00,PUMP-A1-Houston-Plant,2.365,64.41,4.506,1740,healthy,1,-0.4034,2.452,CONTINUE,NORMAL,True,"[NORMAL] Pump PUMP-A1-Houston-Plant reports vibration 2.37 mm/s, temperature 64.4 C, pressure 4.51 bar. Anomaly score: -0.403. Forecast: 2.45 mm/s in 5 ticks. Recommended action: CONTINUE."
2026-04-30T08:38:08.662138+00:00,PUMP-A1-Houston-Plant,2.338,65.04,4.459,1743,healthy,1,-0.3874,2.486,CONTINUE,NORMAL,True,"[NORMAL] Pump PUMP-A1-Houston-Plant reports vibration 2.34 mm/s, temperature 65.0 C, pressure 4.46 bar. Anomaly score: -0.387. Forecast: 2.49 mm/s in 5 ticks. Recommended action: CONTINUE."
2026-04-30T08:38:08.665660+00:00,PUMP-A1-Houston-Plant,2.568,65.44,4.537,1757,healthy,1,-0.36,2.467,CONTINUE,NORMAL,True,"[NORMAL] Pump PUMP-A1-Houston-Plant reports vibration 2.57 mm/s, temperature 65.4 C, pressure 4.54 bar. Anomaly score: -0.360. Forecast: 2.47 mm/s in 5 ticks. Recommended action: CONTINUE."
2026-04-30T08:38:08.669242+00:00,PUMP-A1-Houston-Plant,2.278,65.26,4.499,1745,healthy,1,-0.3943,2.411,CONTINUE,NORMAL,True,"[NORMAL] Pump PUMP-A1-Houston-Plant reports vibration 2.28 mm/s, temperature 65.3 C, pressure 4.50 bar. Anomaly score: -0.394. Forecast: 2.41 mm/s in 5 ticks. Recommended action: CONTINUE."
2026-04-30T08:38:08.672839+00:00,PUMP-A1-Houston-Plant,2.455,64.85,4.448,1735,healthy,1,-0.3676,2.485,CONTINUE,NORMAL,True,"[NORMAL] Pump PUMP-A1-Houston-Plant reports vibration 2.46 mm/s, temperature 64.8 C, pressure 4.45 bar. Anomaly score: -0.368. Forecast: 2.48 mm/s in 5 ticks. Recommended action: CONTINUE."
2026-04-30T08:38:08.676434+00:00,PUMP-A1-Houston-Plant,2.556,65.1,4.566,1759,healthy,1,-0.3748,2.417,CONTINUE,NORMAL,True,"[NORMAL] Pump PUMP-A1-Houston-Plant reports vibration 2.56 mm/s, temperature 65.1 C, pressure 4.57 bar. Anomaly score: -0.375. Forecast: 2.42 mm/s in 5 ticks. Recommended action: CONTINUE."
2026-04-30T08:38:08.680275+00:00,PUMP-A1-Houston-Plant,2.528,65.34,4.577,1745,healthy,1,-0.3861,2.486,CONTINUE,NORMAL,True,"[NORMAL] Pump PUMP-A1-Houston-Plant reports vibration 2.53 mm/s, temperature 65.3 C, pressure 4.58 bar. Anomaly score: -0.386. Forecast: 2.49 mm/s in 5 ticks. Recommended action: CONTINUE."
2026-04-30T08:38:08.683918+00:00,PUMP-A1-Houston-Plant,2.461,65.11,4.432,1742,healthy,1,-0.3874,2.465,CONTINUE,NORMAL,True,"[NORMAL] Pump PUMP-A1-Houston-Plant reports vibration 2.46 mm/s, temperature 65.1 C, pressure 4.43 bar. Anomaly score: -0.387. Forecast: 2.46 mm/s in 5 ticks. Recommended action: CONTINUE."
2026-04-30T08:38:08.687510+00:00,PUMP-A1-Houston-Plant,2.599,64.83,4.523,1750,healthy,1,-0.3565,2.53,CONTINUE,NORMAL,True,"[NORMAL] Pump PUMP-A1-Houston-Plant reports vibration 2.60 mm/s, temperature 64.8 C, pressure 4.52 bar. Anomaly score: -0.357. Forecast: 2.53 mm/s in 5 ticks. Recommended action: CONTINUE."
2026-04-30T08:38:08.691120+00:00,PUMP-A1-Houston-Plant,2.685,65.11,4.507,1748,healthy,1,-0.3556,2.453,CONTINUE,NORMAL,True,"[NORMAL] Pump PUMP-A1-Houston-Plant reports vibration 2.69 mm/s, temperature 65.1 C, pressure 4.51 bar. Anomaly score: -0.356. Forecast: 2.45 mm/s in 5 ticks. Recommended action: CONTINUE."
2026-04-30T08:38:08.694730+00:00,PUMP-A1-Houston-Plant,2.346,64.38,4.633,1752,healthy,1,-0.4996,2.533,CONTINUE,NORMAL,True,"[NORMAL] Pump PUMP-A1-Houston-Plant reports vibration 2.35 mm/s, temperature 64.4 C, pressure 4.63 bar. Anomaly score: -0.500. Forecast: 2.53 mm/s in 5 ticks. Recommended action: CONTINUE."
2026-04-30T08:38:08.698324+00:00,PUMP-A1-Houston-Plant,2.654,64.65,4.524,1753,healthy,1,-0.3653,2.53,CONTINUE,NORMAL,True,"[NORMAL] Pump PUMP-A1-Houston-Plant reports vibration 2.65 mm/s, temperature 64.7 C, pressure 4.52 bar. Anomaly score: -0.365. Forecast: 2.53 mm/s in 5 ticks. Recommended action: CONTINUE."
2026-04-30T08:38:08.701949+00:00,PUMP-A1-Houston-Plant,2.37,65.81,4.575,1749,healthy,1,-0.4458,2.457,CONTINUE,NORMAL,True,"[NORMAL] Pump PUMP-A1-Houston-Plant reports vibration 2.37 mm/s, temperature 65.8 C, pressure 4.58 bar. Anomaly score: -0.446. Forecast: 2.46 mm/s in 5 ticks. Recommended action: CONTINUE."
2026-04-30T08:38:08.705586+00:00,PUMP-A1-Houston-Plant,2.668,65.47,4.53,1754,healthy,1,-0.3717,2.541,CONTINUE,NORMAL,True,"[NORMAL] Pump PUMP-A1-Houston-Plant reports vibration 2.67 mm/s, temperature 65.5 C, pressure 4.53 bar. Anomaly score: -0.372. Forecast: 2.54 mm/s in 5 ticks. Recommended action: CONTINUE."
2026-04-30T08:38:08.709466+00:00,PUMP-A1-Houston-Plant,2.568,64.43,4.479,1753,imbalance,1,-0.4007,2.436,CONTINUE,NORMAL,True,"[NORMAL] Pump PUMP-A1-Houston-Plant reports vibration 2.57 mm/s, temperature 64.4 C, pressure 4.48 bar. Anomaly score: -0.401. Forecast: 2.44 mm/s in 5 ticks. Recommended action: CONTINUE."
2026-04-30T08:38:08.713054+00:00,PUMP-A1-Houston-Plant,2.595,65.44,4.505,1744,imbalance,1,-0.3545,2.591,CONTINUE,NORMAL,True,"[NORMAL] Pump PUMP-A1-Houston-Plant reports vibration 2.60 mm/s, temperature 65.4 C, pressure 4.50 bar. Anomaly score: -0.354. Forecast: 2.59 mm/s in 5 ticks. Recommended action: CONTINUE."
2026-04-30T08:38:08.716884+00:00,PUMP-A1-Houston-Plant,2.511,64.63,4.498,1748,imbalance,1,-0.3601,2.4,CONTINUE,NORMAL,True,"[NORMAL] Pump PUMP-A1-Houston-Plant reports vibration 2.51 mm/s, temperature 64.6 C, pressure 4.50 bar. Anomaly score: -0.360. Forecast: 2.40 mm/s in 5 ticks. Recommended action: CONTINUE."
2026-04-30T08:38:08.720525+00:00,PUMP-A1-Houston-Plant,2.356,65.22,4.58,1744,imbalance,1,-0.4088,2.581,CONTINUE,NORMAL,True,"[NORMAL] Pump PUMP-A1-Houston-Plant reports vibration 2.36 mm/s, temperature 65.2 C, pressure 4.58 bar. Anomaly score: -0.409. Forecast: 2.58 mm/s in 5 ticks. Recommended action: CONTINUE."
2026-04-30T08:38:08.724145+00:00,PUMP-A1-Houston-Plant,2.9,64.69,4.565,1742,imbalance,1,-0.4239,2.44,CONTINUE,NORMAL,True,"[NORMAL] Pump PUMP-A1-Houston-Plant reports vibration 2.90 mm/s, temperature 64.7 C, pressure 4.57 bar. Anomaly score: -0.424. Forecast: 2.44 mm/s in 5 ticks. Recommended action: CONTINUE."
2026-04-30T08:38:08.727763+00:00,PUMP-A1-Houston-Plant,2.869,65.58,4.547,1746,imbalance,1,-0.3986,2.537,CONTINUE,NORMAL,True,"[NORMAL] Pump PUMP-A1-Houston-Plant reports vibration 2.87 mm/s, temperature 65.6 C, pressure 4.55 bar. Anomaly score: -0.399. Forecast: 2.54 mm/s in 5 ticks. Recommended action: CONTINUE."
2026-04-30T08:38:08.731381+00:00,PUMP-A1-Houston-Plant,3.147,65.26,4.553,1759,imbalance,1,-0.4192,2.601,CONTINUE,NORMAL,True,"[NORMAL] Pump PUMP-A1-Houston-Plant reports vibration 3.15 mm/s, temperature 65.3 C, pressure 4.55 bar. Anomaly score: -0.419. Forecast: 2.60 mm/s in 5 ticks. Recommended action: CONTINUE."
2026-04-30T08:38:08.734991+00:00,PUMP-A1-Houston-Plant,3.273,64.64,4.458,1751,imbalance,1,-0.4421,2.483,CONTINUE,NORMAL,True,"[NORMAL] Pump PUMP-A1-Houston-Plant reports vibration 3.27 mm/s, temperature 64.6 C, pressure 4.46 bar. Anomaly score: -0.442. Forecast: 2.48 mm/s in 5 ticks. Recommended action: CONTINUE."
2026-04-30T08:38:08.738610+00:00,PUMP-A1-Houston-Plant,3.049,63.74,4.549,1736,imbalance,1,-0.4748,2.62,CONTINUE,NORMAL,True,"[NORMAL] Pump PUMP-A1-Houston-Plant reports vibration 3.05 mm/s, temperature 63.7 C, pressure 4.55 bar. Anomaly score: -0.475. Forecast: 2.62 mm/s in 5 ticks. Recommended action: CONTINUE."
2026-04-30T08:38:08.742227+00:00,PUMP-A1-Houston-Plant,3.116,64.73,4.483,1750,imbalance,1,-0.4297,2.575,CONTINUE,NORMAL,True,"[NORMAL] Pump PUMP-A1-Houston-Plant reports vibration 3.12 mm/s, temperature 64.7 C, pressure 4.48 bar. Anomaly score: -0.430. Forecast: 2.58 mm/s in 5 ticks. Recommended action: CONTINUE."
2026-04-30T08:38:08.745833+00:00,PUMP-A1-Houston-Plant,2.955,64.87,4.423,1743,imbalance,1,-0.4328,2.648,CONTINUE,NORMAL,True,"[NORMAL] Pump PUMP-A1-Houston-Plant reports vibration 2.96 mm/s, temperature 64.9 C, pressure 4.42 bar. Anomaly score: -0.433. Forecast: 2.65 mm/s in 5 ticks. Recommended action: CONTINUE."
2026-04-30T08:38:08.749469+00:00,PUMP-A1-Houston-Plant,3.332,65.39,4.488,1764,imbalance,1,-0.4055,4.183,SCHEDULE_MAINTENANCE,WARNING,True,"[NORMAL] Pump PUMP-A1-Houston-Plant reports vibration 3.33 mm/s, temperature 65.4 C, pressure 4.49 bar. Anomaly score: -0.406. Forecast: 4.18 mm/s in 5 ticks. Recommended action: SCHEDULE_MAINTENANCE."
2026-04-30T08:38:08.753347+00:00,PUMP-A1-Houston-Plant,3.498,65.49,4.537,1742,imbalance,1,-0.4312,4.3,SCHEDULE_MAINTENANCE,WARNING,True,"[NORMAL] Pump PUMP-A1-Houston-Plant reports vibration 3.50 mm/s, temperature 65.5 C, pressure 4.54 bar. Anomaly score: -0.431. Forecast: 4.30 mm/s in 5 ticks. Recommended action: SCHEDULE_MAINTENANCE."
2026-04-30T08:38:08.756985+00:00,PUMP-A1-Houston-Plant,3.352,64.63,4.502,1720,imbalance,1,-0.4391,4.538,SCHEDULE_MAINTENANCE,WARNING,True,"[NORMAL] Pump PUMP-A1-Houston-Plant reports vibration 3.35 mm/s, temperature 64.6 C, pressure 4.50 bar. Anomaly score: -0.439. Forecast: 4.54 mm/s in 5 ticks. Recommended action: SCHEDULE_MAINTENANCE."
2026-04-30T08:38:08.760784+00:00,PUMP-A1-Houston-Plant,3.417,64.99,4.43,1735,imbalance,1,-0.449,4.503,SCHEDULE_MAINTENANCE,WARNING,True,"[NORMAL] Pump PUMP-A1-Houston-Plant reports vibration 3.42 mm/s, temperature 65.0 C, pressure 4.43 bar. Anomaly score: -0.449. Forecast: 4.50 mm/s in 5 ticks. Recommended action: SCHEDULE_MAINTENANCE."
2026-04-30T08:38:08.764547+00:00,PUMP-A1-Houston-Plant,3.617,65.24,4.516,1725,imbalance,1,-0.4175,4.657,CONTINUE,NORMAL,True,"[NORMAL] Pump PUMP-A1-Houston-Plant reports vibration 3.62 mm/s, temperature 65.2 C, pressure 4.52 bar. Anomaly score: -0.418. Forecast: 4.66 mm/s in 5 ticks. Recommended action: CONTINUE."
2026-04-30T08:38:08.768147+00:00,PUMP-A1-Houston-Plant,3.901,64.91,4.651,1742,imbalance,1,-0.5151,4.989,CONTINUE,NORMAL,True,"[NORMAL] Pump PUMP-A1-Houston-Plant reports vibration 3.90 mm/s, temperature 64.9 C, pressure 4.65 bar. Anomaly score: -0.515. Forecast: 4.99 mm/s in 5 ticks. Recommended action: CONTINUE."
2026-04-30T08:38:08.772088+00:00,PUMP-A1-Houston-Plant,3.769,64.82,4.532,1755,imbalance,1,-0.457,5.277,CONTINUE,NORMAL,True,"[NORMAL] Pump PUMP-A1-Houston-Plant reports vibration 3.77 mm/s, temperature 64.8 C, pressure 4.53 bar. Anomaly score: -0.457. Forecast: 5.28 mm/s in 5 ticks. Recommended action: CONTINUE."
2026-04-30T08:38:08.775546+00:00,PUMP-A1-Houston-Plant,3.827,65.41,4.533,1728,imbalance,1,-0.4302,5.512,CONTINUE,NORMAL,True,"[NORMAL] Pump PUMP-A1-Houston-Plant reports vibration 3.83 mm/s, temperature 65.4 C, pressure 4.53 bar. Anomaly score: -0.430. Forecast: 5.51 mm/s in 5 ticks. Recommended action: CONTINUE."
2026-04-30T08:38:08.779194+00:00,PUMP-A1-Houston-Plant,3.915,64.73,4.525,1734,imbalance,1,-0.4702,5.595,CONTINUE,NORMAL,True,"[NORMAL] Pump PUMP-A1-Houston-Plant reports vibration 3.92 mm/s, temperature 64.7 C, pressure 4.53 bar. Anomaly score: -0.470. Forecast: 5.59 mm/s in 5 ticks. Recommended action: CONTINUE."
2026-04-30T08:38:08.782619+00:00,PUMP-A1-Houston-Plant,4.088,64.78,4.605,1738,imbalance,1,-0.5257,5.924,CONTINUE,NORMAL,True,"[NORMAL] Pump PUMP-A1-Houston-Plant reports vibration 4.09 mm/s, temperature 64.8 C, pressure 4.61 bar. Anomaly score: -0.526. Forecast: 5.92 mm/s in 5 ticks. Recommended action: CONTINUE."
2026-04-30T08:38:08.786116+00:00,PUMP-A1-Houston-Plant,4.083,64.48,4.509,1735,imbalance,1,-0.4751,5.117,CONTINUE,NORMAL,True,"[NORMAL] Pump PUMP-A1-Houston-Plant reports vibration 4.08 mm/s, temperature 64.5 C, pressure 4.51 bar. Anomaly score: -0.475. Forecast: 5.12 mm/s in 5 ticks. Recommended action: CONTINUE."
2026-04-30T08:38:08.789996+00:00,PUMP-A1-Houston-Plant,4.107,65.59,4.556,1735,imbalance,1,-0.4679,5.223,CONTINUE,NORMAL,True,"[NORMAL] Pump PUMP-A1-Houston-Plant reports vibration 4.11 mm/s, temperature 65.6 C, pressure 4.56 bar. Anomaly score: -0.468. Forecast: 5.22 mm/s in 5 ticks. Recommended action: CONTINUE."
2026-04-30T08:38:08.793237+00:00,PUMP-A1-Houston-Plant,3.906,64.86,4.447,1747,imbalance,1,-0.4558,5.122,CONTINUE,NORMAL,True,"[NORMAL] Pump PUMP-A1-Houston-Plant reports vibration 3.91 mm/s, temperature 64.9 C, pressure 4.45 bar. Anomaly score: -0.456. Forecast: 5.12 mm/s in 5 ticks. Recommended action: CONTINUE."
2026-04-30T08:38:08.796535+00:00,PUMP-A1-Houston-Plant,4.202,65.24,4.428,1731,imbalance,1,-0.4701,5.306,CONTINUE,NORMAL,True,"[NORMAL] Pump PUMP-A1-Houston-Plant reports vibration 4.20 mm/s, temperature 65.2 C, pressure 4.43 bar. Anomaly score: -0.470. Forecast: 5.31 mm/s in 5 ticks. Recommended action: CONTINUE."
2026-04-30T08:38:08.799959+00:00,PUMP-A1-Houston-Plant,4.071,65.13,4.518,1721,imbalance,1,-0.4504,5.271,CONTINUE,NORMAL,True,"[NORMAL] Pump PUMP-A1-Houston-Plant reports vibration 4.07 mm/s, temperature 65.1 C, pressure 4.52 bar. Anomaly score: -0.450. Forecast: 5.27 mm/s in 5 ticks. Recommended action: CONTINUE."
2026-04-30T08:38:08.803367+00:00,PUMP-A1-Houston-Plant,4.472,65.78,4.41,1731,imbalance,1,-0.5131,5.58,CONTINUE,NORMAL,True,"[NORMAL] Pump PUMP-A1-Houston-Plant reports vibration 4.47 mm/s, temperature 65.8 C, pressure 4.41 bar. Anomaly score: -0.513. Forecast: 5.58 mm/s in 5 ticks. Recommended action: CONTINUE."
2026-04-30T08:38:08.806760+00:00,PUMP-A1-Houston-Plant,4.461,64.69,4.481,1736,imbalance,1,-0.4948,5.544,CONTINUE,NORMAL,True,"[NORMAL] Pump PUMP-A1-Houston-Plant reports vibration 4.46 mm/s, temperature 64.7 C, pressure 4.48 bar. Anomaly score: -0.495. Forecast: 5.54 mm/s in 5 ticks. Recommended action: CONTINUE."
2026-04-30T08:38:08.810169+00:00,PUMP-A1-Houston-Plant,4.14,64.77,4.438,1734,imbalance,1,-0.4744,5.618,CONTINUE,NORMAL,True,"[NORMAL] Pump PUMP-A1-Houston-Plant reports vibration 4.14 mm/s, temperature 64.8 C, pressure 4.44 bar. Anomaly score: -0.474. Forecast: 5.62 mm/s in 5 ticks. Recommended action: CONTINUE."
2026-04-30T08:38:08.813604+00:00,PUMP-A1-Houston-Plant,4.48,65.1,4.504,1731,imbalance,1,-0.4772,5.708,CONTINUE,NORMAL,True,"[NORMAL] Pump PUMP-A1-Houston-Plant reports vibration 4.48 mm/s, temperature 65.1 C, pressure 4.50 bar. Anomaly score: -0.477. Forecast: 5.71 mm/s in 5 ticks. Recommended action: CONTINUE."
2026-04-30T08:38:08.817045+00:00,PUMP-A1-Houston-Plant,4.576,65.81,4.456,1711,imbalance,1,-0.4743,5.8,REDUCE_LOAD,WARNING,True,"[WARNING] Pump PUMP-A1-Houston-Plant reports vibration 4.58 mm/s, temperature 65.8 C, pressure 4.46 bar. Anomaly score: -0.474. Forecast: 5.80 mm/s in 5 ticks. Recommended action: REDUCE_LOAD."
2026-04-30T08:38:08.820543+00:00,PUMP-A1-Houston-Plant,4.447,64.5,4.41,1731,imbalance,1,-0.5378,4.892,CONTINUE,NORMAL,True,"[NORMAL] Pump PUMP-A1-Houston-Plant reports vibration 4.45 mm/s, temperature 64.5 C, pressure 4.41 bar. Anomaly score: -0.538. Forecast: 4.89 mm/s in 5 ticks. Recommended action: CONTINUE."
2026-04-30T08:38:08.824230+00:00,PUMP-A1-Houston-Plant,4.545,64.96,4.524,1754,imbalance,1,-0.4875,5.077,REDUCE_LOAD,WARNING,True,"[WARNING] Pump PUMP-A1-Houston-Plant reports vibration 4.54 mm/s, temperature 65.0 C, pressure 4.52 bar. Anomaly score: -0.488. Forecast: 5.08 mm/s in 5 ticks. Recommended action: REDUCE_LOAD."
2026-04-30T08:38:08.827811+00:00,PUMP-A1-Houston-Plant,4.839,64.96,4.399,1722,imbalance,1,-0.5308,5.063,REDUCE_LOAD,WARNING,True,"[WARNING] Pump PUMP-A1-Houston-Plant reports vibration 4.84 mm/s, temperature 65.0 C, pressure 4.40 bar. Anomaly score: -0.531. Forecast: 5.06 mm/s in 5 ticks. Recommended action: REDUCE_LOAD."
2026-04-30T08:38:08.831646+00:00,PUMP-A1-Houston-Plant,4.626,64.86,4.399,1735,imbalance,1,-0.5343,4.99,REDUCE_LOAD,WARNING,True,"[WARNING] Pump PUMP-A1-Houston-Plant reports vibration 4.63 mm/s, temperature 64.9 C, pressure 4.40 bar. Anomaly score: -0.534. Forecast: 4.99 mm/s in 5 ticks. Recommended action: REDUCE_LOAD."
2026-04-30T08:38:08.835108+00:00,PUMP-A1-Houston-Plant,5.076,65.2,4.566,1731,imbalance,1,-0.5035,5.576,REDUCE_LOAD,WARNING,True,"[WARNING] Pump PUMP-A1-Houston-Plant reports vibration 5.08 mm/s, temperature 65.2 C, pressure 4.57 bar. Anomaly score: -0.503. Forecast: 5.58 mm/s in 5 ticks. Recommended action: REDUCE_LOAD."
2026-04-30T08:38:08.838527+00:00,PUMP-A1-Houston-Plant,5.018,65.03,4.534,1740,imbalance,1,-0.4911,5.36,REDUCE_LOAD,WARNING,True,"[WARNING] Pump PUMP-A1-Houston-Plant reports vibration 5.02 mm/s, temperature 65.0 C, pressure 4.53 bar. Anomaly score: -0.491. Forecast: 5.36 mm/s in 5 ticks. Recommended action: REDUCE_LOAD."
2026-04-30T08:38:08.842709+00:00,PUMP-A1-Houston-Plant,4.827,64.41,4.447,1740,imbalance,1,-0.5117,5.365,REDUCE_LOAD,WARNING,True,"[WARNING] Pump PUMP-A1-Houston-Plant reports vibration 4.83 mm/s, temperature 64.4 C, pressure 4.45 bar. Anomaly score: -0.512. Forecast: 5.36 mm/s in 5 ticks. Recommended action: REDUCE_LOAD."
2026-04-30T08:38:08.846308+00:00,PUMP-A1-Houston-Plant,5.151,65.41,4.456,1732,imbalance,1,-0.4778,5.666,REDUCE_LOAD,WARNING,True,"[WARNING] Pump PUMP-A1-Houston-Plant reports vibration 5.15 mm/s, temperature 65.4 C, pressure 4.46 bar. Anomaly score: -0.478. Forecast: 5.67 mm/s in 5 ticks. Recommended action: REDUCE_LOAD."
2026-04-30T08:38:08.850037+00:00,PUMP-A1-Houston-Plant,5.214,64.24,4.479,1733,imbalance,1,-0.512,5.633,REDUCE_LOAD,WARNING,True,"[WARNING] Pump PUMP-A1-Houston-Plant reports vibration 5.21 mm/s, temperature 64.2 C, pressure 4.48 bar. Anomaly score: -0.512. Forecast: 5.63 mm/s in 5 ticks. Recommended action: REDUCE_LOAD."
2026-04-30T08:38:08.853772+00:00,PUMP-A1-Houston-Plant,5.241,64.69,4.49,1736,imbalance,1,-0.507,5.718,REDUCE_LOAD,WARNING,True,"[WARNING] Pump PUMP-A1-Houston-Plant reports vibration 5.24 mm/s, temperature 64.7 C, pressure 4.49 bar. Anomaly score: -0.507. Forecast: 5.72 mm/s in 5 ticks. Recommended action: REDUCE_LOAD."
2026-04-30T08:38:08.857230+00:00,PUMP-A1-Houston-Plant,5.351,65.3,4.521,1730,imbalance,1,-0.4964,5.703,REDUCE_LOAD,WARNING,True,"[WARNING] Pump PUMP-A1-Houston-Plant reports vibration 5.35 mm/s, temperature 65.3 C, pressure 4.52 bar. Anomaly score: -0.496. Forecast: 5.70 mm/s in 5 ticks. Recommended action: REDUCE_LOAD."
2026-04-30T08:38:08.861231+00:00,PUMP-A1-Houston-Plant,5.417,64.93,4.412,1732,imbalance,1,-0.5391,5.826,REDUCE_LOAD,WARNING,True,"[WARNING] Pump PUMP-A1-Houston-Plant reports vibration 5.42 mm/s, temperature 64.9 C, pressure 4.41 bar. Anomaly score: -0.539. Forecast: 5.83 mm/s in 5 ticks. Recommended action: REDUCE_LOAD."
2026-04-30T08:38:08.864770+00:00,PUMP-A1-Houston-Plant,5.191,64.53,4.475,1735,imbalance,1,-0.5024,5.78,REDUCE_LOAD,WARNING,True,"[WARNING] Pump PUMP-A1-Houston-Plant reports vibration 5.19 mm/s, temperature 64.5 C, pressure 4.47 bar. Anomaly score: -0.502. Forecast: 5.78 mm/s in 5 ticks. Recommended action: REDUCE_LOAD."
2026-04-30T08:38:08.868202+00:00,PUMP-A1-Houston-Plant,5.444,65.89,4.539,1729,imbalance,1,-0.511,5.871,REDUCE_LOAD,WARNING,True,"[WARNING] Pump PUMP-A1-Houston-Plant reports vibration 5.44 mm/s, temperature 65.9 C, pressure 4.54 bar. Anomaly score: -0.511. Forecast: 5.87 mm/s in 5 ticks. Recommended action: REDUCE_LOAD."
2026-04-30T08:38:08.871985+00:00,PUMP-A1-Houston-Plant,5.239,65.32,4.528,1731,imbalance,1,-0.4855,5.775,REDUCE_LOAD,WARNING,True,"[WARNING] Pump PUMP-A1-Houston-Plant reports vibration 5.24 mm/s, temperature 65.3 C, pressure 4.53 bar. Anomaly score: -0.485. Forecast: 5.78 mm/s in 5 ticks. Recommended action: REDUCE_LOAD."
2026-04-30T08:38:08.875430+00:00,PUMP-A1-Houston-Plant,5.626,64.88,4.525,1721,imbalance,1,-0.5192,5.996,REDUCE_LOAD,WARNING,True,"[WARNING] Pump PUMP-A1-Houston-Plant reports vibration 5.63 mm/s, temperature 64.9 C, pressure 4.53 bar. Anomaly score: -0.519. Forecast: 6.00 mm/s in 5 ticks. Recommended action: REDUCE_LOAD."
2026-04-30T08:38:08.879051+00:00,PUMP-A1-Houston-Plant,5.491,65.44,4.471,1723,imbalance,1,-0.497,5.893,REDUCE_LOAD,WARNING,True,"[WARNING] Pump PUMP-A1-Houston-Plant reports vibration 5.49 mm/s, temperature 65.4 C, pressure 4.47 bar. Anomaly score: -0.497. Forecast: 5.89 mm/s in 5 ticks. Recommended action: REDUCE_LOAD."
2026-04-30T08:38:08.882602+00:00,PUMP-A1-Houston-Plant,5.791,65.71,4.595,1733,imbalance,1,-0.5445,6.171,REDUCE_LOAD,WARNING,True,"[WARNING] Pump PUMP-A1-Houston-Plant reports vibration 5.79 mm/s, temperature 65.7 C, pressure 4.59 bar. Anomaly score: -0.545. Forecast: 6.17 mm/s in 5 ticks. Recommended action: REDUCE_LOAD."
2026-04-30T08:38:08.886113+00:00,PUMP-A1-Houston-Plant,5.529,65.53,4.586,1727,imbalance,1,-0.5314,6.006,REDUCE_LOAD,WARNING,True,"[WARNING] Pump PUMP-A1-Houston-Plant reports vibration 5.53 mm/s, temperature 65.5 C, pressure 4.59 bar. Anomaly score: -0.531. Forecast: 6.01 mm/s in 5 ticks. Recommended action: REDUCE_LOAD."
2026-04-30T08:38:08.889614+00:00,PUMP-A1-Houston-Plant,5.98,64.59,4.466,1726,imbalance,1,-0.5244,6.372,REDUCE_LOAD,WARNING,True,"[WARNING] Pump PUMP-A1-Houston-Plant reports vibration 5.98 mm/s, temperature 64.6 C, pressure 4.47 bar. Anomaly score: -0.524. Forecast: 6.37 mm/s in 5 ticks. Recommended action: REDUCE_LOAD."
2026-04-30T08:38:08.893434+00:00,PUMP-A1-Houston-Plant,5.929,64.98,4.519,1725,imbalance,1,-0.5122,6.18,REDUCE_LOAD,WARNING,True,"[WARNING] Pump PUMP-A1-Houston-Plant reports vibration 5.93 mm/s, temperature 65.0 C, pressure 4.52 bar. Anomaly score: -0.512. Forecast: 6.18 mm/s in 5 ticks. Recommended action: REDUCE_LOAD."
2026-04-30T08:38:08.897185+00:00,PUMP-A1-Houston-Plant,6.206,64.35,4.568,1733,imbalance,1,-0.5774,6.234,REDUCE_LOAD,WARNING,True,"[WARNING] Pump PUMP-A1-Houston-Plant reports vibration 6.21 mm/s, temperature 64.3 C, pressure 4.57 bar. Anomaly score: -0.577. Forecast: 6.23 mm/s in 5 ticks. Recommended action: REDUCE_LOAD."
2026-04-30T08:38:08.900953+00:00,PUMP-A1-Houston-Plant,6.067,64.9,4.535,1722,imbalance,1,-0.5409,6.329,REDUCE_LOAD,WARNING,True,"[WARNING] Pump PUMP-A1-Houston-Plant reports vibration 6.07 mm/s, temperature 64.9 C, pressure 4.54 bar. Anomaly score: -0.541. Forecast: 6.33 mm/s in 5 ticks. Recommended action: REDUCE_LOAD."
2026-04-30T08:38:08.904450+00:00,PUMP-A1-Houston-Plant,6.224,65.09,4.458,1736,imbalance,1,-0.5184,6.408,REDUCE_LOAD,WARNING,True,"[WARNING] Pump PUMP-A1-Houston-Plant reports vibration 6.22 mm/s, temperature 65.1 C, pressure 4.46 bar. Anomaly score: -0.518. Forecast: 6.41 mm/s in 5 ticks. Recommended action: REDUCE_LOAD."
2026-04-30T08:38:08.907955+00:00,PUMP-A1-Houston-Plant,6.321,65.12,4.59,1735,imbalance,1,-0.5668,6.525,REDUCE_LOAD,WARNING,True,"[WARNING] Pump PUMP-A1-Houston-Plant reports vibration 6.32 mm/s, temperature 65.1 C, pressure 4.59 bar. Anomaly score: -0.567. Forecast: 6.53 mm/s in 5 ticks. Recommended action: REDUCE_LOAD."
2026-04-30T08:38:08.911639+00:00,PUMP-A1-Houston-Plant,6.236,65.07,4.511,1727,imbalance,1,-0.5173,6.57,REDUCE_LOAD,WARNING,True,"[WARNING] Pump PUMP-A1-Houston-Plant reports vibration 6.24 mm/s, temperature 65.1 C, pressure 4.51 bar. Anomaly score: -0.517. Forecast: 6.57 mm/s in 5 ticks. Recommended action: REDUCE_LOAD."
2026-04-30T08:38:08.915051+00:00,PUMP-A1-Houston-Plant,6.464,65.16,4.509,1713,imbalance,1,-0.5342,6.618,REDUCE_LOAD,WARNING,True,"[WARNING] Pump PUMP-A1-Houston-Plant reports vibration 6.46 mm/s, temperature 65.2 C, pressure 4.51 bar. Anomaly score: -0.534. Forecast: 6.62 mm/s in 5 ticks. Recommended action: REDUCE_LOAD."
2026-04-30T08:38:08.918519+00:00,PUMP-A1-Houston-Plant,6.352,64.85,4.493,1717,imbalance,1,-0.5435,6.718,REDUCE_LOAD,WARNING,True,"[WARNING] Pump PUMP-A1-Houston-Plant reports vibration 6.35 mm/s, temperature 64.8 C, pressure 4.49 bar. Anomaly score: -0.543. Forecast: 6.72 mm/s in 5 ticks. Recommended action: REDUCE_LOAD."
2026-04-30T08:38:08.922311+00:00,PUMP-A1-Houston-Plant,6.405,64.56,4.502,1713,imbalance,1,-0.5485,6.737,REDUCE_LOAD,WARNING,True,"[WARNING] Pump PUMP-A1-Houston-Plant reports vibration 6.41 mm/s, temperature 64.6 C, pressure 4.50 bar. Anomaly score: -0.548. Forecast: 6.74 mm/s in 5 ticks. Recommended action: REDUCE_LOAD."
2026-04-30T08:38:08.925792+00:00,PUMP-A1-Houston-Plant,6.77,64.85,4.571,1721,imbalance,1,-0.5954,6.805,REDUCE_LOAD,WARNING,True,"[WARNING] Pump PUMP-A1-Houston-Plant reports vibration 6.77 mm/s, temperature 64.8 C, pressure 4.57 bar. Anomaly score: -0.595. Forecast: 6.81 mm/s in 5 ticks. Recommended action: REDUCE_LOAD."
2026-04-30T08:38:08.929345+00:00,PUMP-A1-Houston-Plant,6.609,65.6,4.492,1735,imbalance,1,-0.5365,7.103,REDUCE_LOAD,WARNING,True,"[WARNING] Pump PUMP-A1-Houston-Plant reports vibration 6.61 mm/s, temperature 65.6 C, pressure 4.49 bar. Anomaly score: -0.537. Forecast: 7.10 mm/s in 5 ticks. Recommended action: REDUCE_LOAD."
2026-04-30T08:38:08.933288+00:00,PUMP-A1-Houston-Plant,6.551,65.2,4.533,1721,imbalance,1,-0.5506,6.971,REDUCE_LOAD,WARNING,True,"[WARNING] Pump PUMP-A1-Houston-Plant reports vibration 6.55 mm/s, temperature 65.2 C, pressure 4.53 bar. Anomaly score: -0.551. Forecast: 6.97 mm/s in 5 ticks. Recommended action: REDUCE_LOAD."
2026-04-30T08:38:08.936859+00:00,PUMP-A1-Houston-Plant,6.643,65.58,4.483,1720,imbalance,1,-0.5393,7.04,REDUCE_LOAD,WARNING,True,"[WARNING] Pump PUMP-A1-Houston-Plant reports vibration 6.64 mm/s, temperature 65.6 C, pressure 4.48 bar. Anomaly score: -0.539. Forecast: 7.04 mm/s in 5 ticks. Recommended action: REDUCE_LOAD."
2026-04-30T08:38:08.940593+00:00,PUMP-A1-Houston-Plant,6.578,64.99,4.416,1728,imbalance,1,-0.5659,7.191,REDUCE_LOAD,WARNING,True,"[WARNING] Pump PUMP-A1-Houston-Plant reports vibration 6.58 mm/s, temperature 65.0 C, pressure 4.42 bar. Anomaly score: -0.566. Forecast: 7.19 mm/s in 5 ticks. Recommended action: REDUCE_LOAD."
2026-04-30T08:38:08.944067+00:00,PUMP-A1-Houston-Plant,6.945,65.58,4.498,1727,imbalance,1,-0.5585,7.18,REDUCE_LOAD,WARNING,True,"[WARNING] Pump PUMP-A1-Houston-Plant reports vibration 6.95 mm/s, temperature 65.6 C, pressure 4.50 bar. Anomaly score: -0.559. Forecast: 7.18 mm/s in 5 ticks. Recommended action: REDUCE_LOAD."
2026-04-30T08:38:08.947547+00:00,PUMP-A1-Houston-Plant,7.146,64.62,4.473,1712,imbalance,1,-0.5806,7.36,EMERGENCY_SHUTDOWN,CRITICAL,True,"[CRITICAL] Pump PUMP-A1-Houston-Plant reports vibration 7.15 mm/s, temperature 64.6 C, pressure 4.47 bar. Anomaly score: -0.581. Forecast: 7.36 mm/s in 5 ticks. Recommended action: EMERGENCY_SHUTDOWN."
2026-04-30T08:38:08.951588+00:00,PUMP-A1-Houston-Plant,7.113,65.44,4.529,1710,imbalance,1,-0.5823,7.409,EMERGENCY_SHUTDOWN,CRITICAL,True,"[CRITICAL] Pump PUMP-A1-Houston-Plant reports vibration 7.11 mm/s, temperature 65.4 C, pressure 4.53 bar. Anomaly score: -0.582. Forecast: 7.41 mm/s in 5 ticks. Recommended action: EMERGENCY_SHUTDOWN."
2026-04-30T08:38:08.954966+00:00,PUMP-A1-Houston-Plant,7.045,64.91,4.443,1726,imbalance,1,-0.5741,7.344,REDUCE_LOAD,WARNING,True,"[WARNING] Pump PUMP-A1-Houston-Plant reports vibration 7.04 mm/s, temperature 64.9 C, pressure 4.44 bar. Anomaly score: -0.574. Forecast: 7.34 mm/s in 5 ticks. Recommended action: REDUCE_LOAD."
2026-04-30T08:38:08.958532+00:00,PUMP-A1-Houston-Plant,7.434,65.69,4.47,1726,imbalance,1,-0.5828,7.531,EMERGENCY_SHUTDOWN,CRITICAL,True,"[CRITICAL] Pump PUMP-A1-Houston-Plant reports vibration 7.43 mm/s, temperature 65.7 C, pressure 4.47 bar. Anomaly score: -0.583. Forecast: 7.53 mm/s in 5 ticks. Recommended action: EMERGENCY_SHUTDOWN."
2026-04-30T08:38:08.962118+00:00,PUMP-A1-Houston-Plant,6.906,64.52,4.528,1710,imbalance,1,-0.5858,7.66,REDUCE_LOAD,WARNING,True,"[WARNING] Pump PUMP-A1-Houston-Plant reports vibration 6.91 mm/s, temperature 64.5 C, pressure 4.53 bar. Anomaly score: -0.586. Forecast: 7.66 mm/s in 5 ticks. Recommended action: REDUCE_LOAD."
2026-04-30T08:38:08.965552+00:00,PUMP-A1-Houston-Plant,7.207,65.69,4.491,1721,imbalance,1,-0.5702,7.491,EMERGENCY_SHUTDOWN,CRITICAL,True,"[CRITICAL] Pump PUMP-A1-Houston-Plant reports vibration 7.21 mm/s, temperature 65.7 C, pressure 4.49 bar. Anomaly score: -0.570. Forecast: 7.49 mm/s in 5 ticks. Recommended action: EMERGENCY_SHUTDOWN."
2026-04-30T08:38:08.969209+00:00,PUMP-A1-Houston-Plant,7.294,65.26,4.546,1714,imbalance,1,-0.6016,7.75,EMERGENCY_SHUTDOWN,CRITICAL,True,"[CRITICAL] Pump PUMP-A1-Houston-Plant reports vibration 7.29 mm/s, temperature 65.3 C, pressure 4.55 bar. Anomaly score: -0.602. Forecast: 7.75 mm/s in 5 ticks. Recommended action: EMERGENCY_SHUTDOWN."
2026-04-30T08:38:08.972947+00:00,PUMP-A1-Houston-Plant,7.26,65.25,4.441,1723,imbalance,1,-0.5742,7.869,EMERGENCY_SHUTDOWN,CRITICAL,True,"[CRITICAL] Pump PUMP-A1-Houston-Plant reports vibration 7.26 mm/s, temperature 65.2 C, pressure 4.44 bar. Anomaly score: -0.574. Forecast: 7.87 mm/s in 5 ticks. Recommended action: EMERGENCY_SHUTDOWN."
2026-04-30T08:38:08.976478+00:00,PUMP-A1-Houston-Plant,7.496,65.28,4.422,1725,imbalance,1,-0.6012,7.708,EMERGENCY_SHUTDOWN,CRITICAL,True,"[CRITICAL] Pump PUMP-A1-Houston-Plant reports vibration 7.50 mm/s, temperature 65.3 C, pressure 4.42 bar. Anomaly score: -0.601. Forecast: 7.71 mm/s in 5 ticks. Recommended action: EMERGENCY_SHUTDOWN."
2026-04-30T08:38:08.980014+00:00,PUMP-A1-Houston-Plant,7.45,64.84,4.411,1711,imbalance,-1,-0.6115,7.989,EMERGENCY_SHUTDOWN,CRITICAL,True,"[CRITICAL] Pump PUMP-A1-Houston-Plant reports vibration 7.45 mm/s, temperature 64.8 C, pressure 4.41 bar. Anomaly score: -0.611. Forecast: 7.99 mm/s in 5 ticks. Recommended action: EMERGENCY_SHUTDOWN."
2026-04-30T08:38:08.983621+00:00,PUMP-A1-Houston-Plant,7.43,65.4,4.484,1709,imbalance,1,-0.5807,7.903,EMERGENCY_SHUTDOWN,CRITICAL,True,"[CRITICAL] Pump PUMP-A1-Houston-Plant reports vibration 7.43 mm/s, temperature 65.4 C, pressure 4.48 bar. Anomaly score: -0.581. Forecast: 7.90 mm/s in 5 ticks. Recommended action: EMERGENCY_SHUTDOWN."
2026-04-30T08:38:08.987240+00:00,PUMP-A1-Houston-Plant,7.825,64.42,4.44,1708,imbalance,-1,-0.6068,7.931,EMERGENCY_SHUTDOWN,CRITICAL,True,"[CRITICAL] Pump PUMP-A1-Houston-Plant reports vibration 7.83 mm/s, temperature 64.4 C, pressure 4.44 bar. Anomaly score: -0.607. Forecast: 7.93 mm/s in 5 ticks. Recommended action: EMERGENCY_SHUTDOWN."
2026-04-30T08:38:08.990997+00:00,PUMP-A1-Houston-Plant,7.879,64.7,4.496,1708,imbalance,-1,-0.6055,8.235,EMERGENCY_SHUTDOWN,CRITICAL,True,"[CRITICAL] Pump PUMP-A1-Houston-Plant reports vibration 7.88 mm/s, temperature 64.7 C, pressure 4.50 bar. Anomaly score: -0.605. Forecast: 8.23 mm/s in 5 ticks. Recommended action: EMERGENCY_SHUTDOWN."
2026-04-30T08:38:08.994398+00:00,PUMP-A1-Houston-Plant,7.604,64.87,4.509,1701,imbalance,1,-0.5935,8.181,EMERGENCY_SHUTDOWN,CRITICAL,True,"[CRITICAL] Pump PUMP-A1-Houston-Plant reports vibration 7.60 mm/s, temperature 64.9 C, pressure 4.51 bar. Anomaly score: -0.594. Forecast: 8.18 mm/s in 5 ticks. Recommended action: EMERGENCY_SHUTDOWN."
2026-04-30T08:38:08.997872+00:00,PUMP-A1-Houston-Plant,7.84,64.05,4.448,1718,imbalance,-1,-0.6117,8.12,EMERGENCY_SHUTDOWN,CRITICAL,True,"[CRITICAL] Pump PUMP-A1-Houston-Plant reports vibration 7.84 mm/s, temperature 64.0 C, pressure 4.45 bar. Anomaly score: -0.612. Forecast: 8.12 mm/s in 5 ticks. Recommended action: EMERGENCY_SHUTDOWN."
2026-04-30T08:38:09.001702+00:00,PUMP-A1-Houston-Plant,7.871,65.24,4.553,1715,imbalance,-1,-0.613,8.301,EMERGENCY_SHUTDOWN,CRITICAL,True,"[CRITICAL] Pump PUMP-A1-Houston-Plant reports vibration 7.87 mm/s, temperature 65.2 C, pressure 4.55 bar. Anomaly score: -0.613. Forecast: 8.30 mm/s in 5 ticks. Recommended action: EMERGENCY_SHUTDOWN."
2026-04-30T08:38:09.005465+00:00,PUMP-A1-Houston-Plant,8.024,65.26,4.505,1708,imbalance,-1,-0.6058,8.248,EMERGENCY_SHUTDOWN,CRITICAL,True,"[CRITICAL] Pump PUMP-A1-Houston-Plant reports vibration 8.02 mm/s, temperature 65.3 C, pressure 4.50 bar. Anomaly score: -0.606. Forecast: 8.25 mm/s in 5 ticks. Recommended action: EMERGENCY_SHUTDOWN."
2026-04-30T08:38:09.009128+00:00,PUMP-A1-Houston-Plant,8.105,65.16,4.508,1722,imbalance,-1,-0.6108,8.291,EMERGENCY_SHUTDOWN,CRITICAL,True,"[CRITICAL] Pump PUMP-A1-Houston-Plant reports vibration 8.11 mm/s, temperature 65.2 C, pressure 4.51 bar. Anomaly score: -0.611. Forecast: 8.29 mm/s in 5 ticks. Recommended action: EMERGENCY_SHUTDOWN."
2026-04-30T08:38:09.012817+00:00,PUMP-A1-Houston-Plant,8.05,65.94,4.436,1718,imbalance,-1,-0.6132,8.468,EMERGENCY_SHUTDOWN,CRITICAL,True,"[CRITICAL] Pump PUMP-A1-Houston-Plant reports vibration 8.05 mm/s, temperature 65.9 C, pressure 4.44 bar. Anomaly score: -0.613. Forecast: 8.47 mm/s in 5 ticks. Recommended action: EMERGENCY_SHUTDOWN."
2026-04-30T08:38:09.016254+00:00,PUMP-A1-Houston-Plant,8.01,65.4,4.481,1721,imbalance,1,-0.6006,8.409,EMERGENCY_SHUTDOWN,CRITICAL,True,"[CRITICAL] Pump PUMP-A1-Houston-Plant reports vibration 8.01 mm/s, temperature 65.4 C, pressure 4.48 bar. Anomaly score: -0.601. Forecast: 8.41 mm/s in 5 ticks. Recommended action: EMERGENCY_SHUTDOWN."
2026-04-30T08:38:09.019715+00:00,PUMP-A1-Houston-Plant,8.19,65.22,4.47,1710,imbalance,-1,-0.6147,8.464,EMERGENCY_SHUTDOWN,CRITICAL,True,"[CRITICAL] Pump PUMP-A1-Houston-Plant reports vibration 8.19 mm/s, temperature 65.2 C, pressure 4.47 bar. Anomaly score: -0.615. Forecast: 8.46 mm/s in 5 ticks. Recommended action: EMERGENCY_SHUTDOWN."
2026-04-30T08:38:09.023407+00:00,PUMP-A1-Houston-Plant,7.898,65.03,4.423,1701,imbalance,-1,-0.6124,8.563,EMERGENCY_SHUTDOWN,CRITICAL,True,"[CRITICAL] Pump PUMP-A1-Houston-Plant reports vibration 7.90 mm/s, temperature 65.0 C, pressure 4.42 bar. Anomaly score: -0.612. Forecast: 8.56 mm/s in 5 ticks. Recommended action: EMERGENCY_SHUTDOWN."
2026-04-30T08:38:09.026880+00:00,PUMP-A1-Houston-Plant,7.794,65.38,4.513,1699,imbalance,1,-0.5845,8.444,EMERGENCY_SHUTDOWN,CRITICAL,True,"[CRITICAL] Pump PUMP-A1-Houston-Plant reports vibration 7.79 mm/s, temperature 65.4 C, pressure 4.51 bar. Anomaly score: -0.584. Forecast: 8.44 mm/s in 5 ticks. Recommended action: EMERGENCY_SHUTDOWN."
2026-04-30T08:38:09.030656+00:00,PUMP-A1-Houston-Plant,7.965,65.52,4.493,1701,imbalance,-1,-0.6052,8.529,EMERGENCY_SHUTDOWN,CRITICAL,True,"[CRITICAL] Pump PUMP-A1-Houston-Plant reports vibration 7.96 mm/s, temperature 65.5 C, pressure 4.49 bar. Anomaly score: -0.605. Forecast: 8.53 mm/s in 5 ticks. Recommended action: EMERGENCY_SHUTDOWN."
2026-04-30T08:38:09.034243+00:00,PUMP-A1-Houston-Plant,7.903,65.08,4.558,1705,imbalance,-1,-0.6156,8.633,EMERGENCY_SHUTDOWN,CRITICAL,True,"[CRITICAL] Pump PUMP-A1-Houston-Plant reports vibration 7.90 mm/s, temperature 65.1 C, pressure 4.56 bar. Anomaly score: -0.616. Forecast: 8.63 mm/s in 5 ticks. Recommended action: EMERGENCY_SHUTDOWN."
2026-04-30T08:38:09.037931+00:00,PUMP-A1-Houston-Plant,7.699,65.14,4.487,1698,imbalance,1,-0.5882,8.228,EMERGENCY_SHUTDOWN,CRITICAL,True,"[CRITICAL] Pump PUMP-A1-Houston-Plant reports vibration 7.70 mm/s, temperature 65.1 C, pressure 4.49 bar. Anomaly score: -0.588. Forecast: 8.23 mm/s in 5 ticks. Recommended action: EMERGENCY_SHUTDOWN."
2026-04-30T08:38:09.041967+00:00,PUMP-A1-Houston-Plant,7.777,64.8,4.421,1700,imbalance,-1,-0.6088,8.265,EMERGENCY_SHUTDOWN,CRITICAL,True,"[CRITICAL] Pump PUMP-A1-Houston-Plant reports vibration 7.78 mm/s, temperature 64.8 C, pressure 4.42 bar. Anomaly score: -0.609. Forecast: 8.27 mm/s in 5 ticks. Recommended action: EMERGENCY_SHUTDOWN."
2026-04-30T08:38:09.045445+00:00,PUMP-A1-Houston-Plant,8.066,65.36,4.521,1704,imbalance,-1,-0.6107,8.417,EMERGENCY_SHUTDOWN,CRITICAL,True,"[CRITICAL] Pump PUMP-A1-Houston-Plant reports vibration 8.07 mm/s, temperature 65.4 C, pressure 4.52 bar. Anomaly score: -0.611. Forecast: 8.42 mm/s in 5 ticks. Recommended action: EMERGENCY_SHUTDOWN."
2026-04-30T08:38:09.048922+00:00,PUMP-A1-Houston-Plant,8.05,64.46,4.533,1707,imbalance,-1,-0.6346,8.305,EMERGENCY_SHUTDOWN,CRITICAL,True,"[CRITICAL] Pump PUMP-A1-Houston-Plant reports vibration 8.05 mm/s, temperature 64.5 C, pressure 4.53 bar. Anomaly score: -0.635. Forecast: 8.30 mm/s in 5 ticks. Recommended action: EMERGENCY_SHUTDOWN."
2026-04-30T08:38:09.052631+00:00,PUMP-A1-Houston-Plant,8.335,65.32,4.537,1712,imbalance,-1,-0.6246,8.262,EMERGENCY_SHUTDOWN,CRITICAL,True,"[CRITICAL] Pump PUMP-A1-Houston-Plant reports vibration 8.34 mm/s, temperature 65.3 C, pressure 4.54 bar. Anomaly score: -0.625. Forecast: 8.26 mm/s in 5 ticks. Recommended action: EMERGENCY_SHUTDOWN."
2026-04-30T08:38:09.056142+00:00,PUMP-A1-Houston-Plant,8.219,64.78,4.477,1704,imbalance,-1,-0.626,8.444,EMERGENCY_SHUTDOWN,CRITICAL,True,"[CRITICAL] Pump PUMP-A1-Houston-Plant reports vibration 8.22 mm/s, temperature 64.8 C, pressure 4.48 bar. Anomaly score: -0.626. Forecast: 8.44 mm/s in 5 ticks. Recommended action: EMERGENCY_SHUTDOWN."
2026-04-30T08:38:09.060080+00:00,PUMP-A1-Houston-Plant,8.08,64.7,4.506,1713,imbalance,-1,-0.6194,8.383,EMERGENCY_SHUTDOWN,CRITICAL,True,"[CRITICAL] Pump PUMP-A1-Houston-Plant reports vibration 8.08 mm/s, temperature 64.7 C, pressure 4.51 bar. Anomaly score: -0.619. Forecast: 8.38 mm/s in 5 ticks. Recommended action: EMERGENCY_SHUTDOWN."
2026-04-30T08:38:09.063488+00:00,PUMP-A1-Houston-Plant,8.211,64.19,4.438,1718,imbalance,-1,-0.6409,8.399,EMERGENCY_SHUTDOWN,CRITICAL,True,"[CRITICAL] Pump PUMP-A1-Houston-Plant reports vibration 8.21 mm/s, temperature 64.2 C, pressure 4.44 bar. Anomaly score: -0.641. Forecast: 8.40 mm/s in 5 ticks. Recommended action: EMERGENCY_SHUTDOWN."
2026-04-30T08:38:09.067032+00:00,PUMP-A1-Houston-Plant,8.306,65.13,4.503,1708,imbalance,-1,-0.622,8.569,EMERGENCY_SHUTDOWN,CRITICAL,True,"[CRITICAL] Pump PUMP-A1-Houston-Plant reports vibration 8.31 mm/s, temperature 65.1 C, pressure 4.50 bar. Anomaly score: -0.622. Forecast: 8.57 mm/s in 5 ticks. Recommended action: EMERGENCY_SHUTDOWN."
2026-04-30T08:38:09.070946+00:00,PUMP-A1-Houston-Plant,8.149,64.99,4.452,1718,imbalance,-1,-0.6156,8.495,EMERGENCY_SHUTDOWN,CRITICAL,True,"[CRITICAL] Pump PUMP-A1-Houston-Plant reports vibration 8.15 mm/s, temperature 65.0 C, pressure 4.45 bar. Anomaly score: -0.616. Forecast: 8.50 mm/s in 5 ticks. Recommended action: EMERGENCY_SHUTDOWN."
2026-04-30T08:38:09.074512+00:00,PUMP-A1-Houston-Plant,7.855,65.1,4.497,1702,imbalance,1,-0.5935,8.168,EMERGENCY_SHUTDOWN,CRITICAL,True,"[CRITICAL] Pump PUMP-A1-Houston-Plant reports vibration 7.86 mm/s, temperature 65.1 C, pressure 4.50 bar. Anomaly score: -0.594. Forecast: 8.17 mm/s in 5 ticks. Recommended action: EMERGENCY_SHUTDOWN."
2026-04-30T08:38:09.078172+00:00,PUMP-A1-Houston-Plant,8.005,64.82,4.543,1719,imbalance,-1,-0.6324,8.326,EMERGENCY_SHUTDOWN,CRITICAL,True,"[CRITICAL] Pump PUMP-A1-Houston-Plant reports vibration 8.01 mm/s, temperature 64.8 C, pressure 4.54 bar. Anomaly score: -0.632. Forecast: 8.33 mm/s in 5 ticks. Recommended action: EMERGENCY_SHUTDOWN."
2026-04-30T08:38:09.081983+00:00,PUMP-A1-Houston-Plant,8.08,65.32,4.522,1695,imbalance,-1,-0.612,8.37,EMERGENCY_SHUTDOWN,CRITICAL,True,"[CRITICAL] Pump PUMP-A1-Houston-Plant reports vibration 8.08 mm/s, temperature 65.3 C, pressure 4.52 bar. Anomaly score: -0.612. Forecast: 8.37 mm/s in 5 ticks. Recommended action: EMERGENCY_SHUTDOWN."
2026-04-30T08:38:09.085398+00:00,PUMP-A1-Houston-Plant,7.873,65.01,4.488,1715,imbalance,1,-0.6018,8.205,EMERGENCY_SHUTDOWN,CRITICAL,True,"[CRITICAL] Pump PUMP-A1-Houston-Plant reports vibration 7.87 mm/s, temperature 65.0 C, pressure 4.49 bar. Anomaly score: -0.602. Forecast: 8.20 mm/s in 5 ticks. Recommended action: EMERGENCY_SHUTDOWN."
2026-04-30T08:38:09.088874+00:00,PUMP-A1-Houston-Plant,7.901,65.52,4.47,1699,imbalance,1,-0.5973,8.16,EMERGENCY_SHUTDOWN,CRITICAL,True,"[CRITICAL] Pump PUMP-A1-Houston-Plant reports vibration 7.90 mm/s, temperature 65.5 C, pressure 4.47 bar. Anomaly score: -0.597. Forecast: 8.16 mm/s in 5 ticks. Recommended action: EMERGENCY_SHUTDOWN."
2026-04-30T08:38:09.092558+00:00,PUMP-A1-Houston-Plant,8.054,64.77,4.488,1722,imbalance,-1,-0.6211,8.356,EMERGENCY_SHUTDOWN,CRITICAL,True,"[CRITICAL] Pump PUMP-A1-Houston-Plant reports vibration 8.05 mm/s, temperature 64.8 C, pressure 4.49 bar. Anomaly score: -0.621. Forecast: 8.36 mm/s in 5 ticks. Recommended action: EMERGENCY_SHUTDOWN."
2026-04-30T08:38:09.096126+00:00,PUMP-A1-Houston-Plant,8.06,65.17,4.524,1700,imbalance,-1,-0.6151,8.31,EMERGENCY_SHUTDOWN,CRITICAL,True,"[CRITICAL] Pump PUMP-A1-Houston-Plant reports vibration 8.06 mm/s, temperature 65.2 C, pressure 4.52 bar. Anomaly score: -0.615. Forecast: 8.31 mm/s in 5 ticks. Recommended action: EMERGENCY_SHUTDOWN."
2026-04-30T08:38:09.099627+00:00,PUMP-A1-Houston-Plant,7.909,64.74,4.542,1709,imbalance,-1,-0.6268,8.09,EMERGENCY_SHUTDOWN,CRITICAL,True,"[CRITICAL] Pump PUMP-A1-Houston-Plant reports vibration 7.91 mm/s, temperature 64.7 C, pressure 4.54 bar. Anomaly score: -0.627. Forecast: 8.09 mm/s in 5 ticks. Recommended action: EMERGENCY_SHUTDOWN."
2026-04-30T08:38:09.103338+00:00,PUMP-A1-Houston-Plant,8.049,65.05,4.469,1721,imbalance,-1,-0.6048,8.2,EMERGENCY_SHUTDOWN,CRITICAL,True,"[CRITICAL] Pump PUMP-A1-Houston-Plant reports vibration 8.05 mm/s, temperature 65.0 C, pressure 4.47 bar. Anomaly score: -0.605. Forecast: 8.20 mm/s in 5 ticks. Recommended action: EMERGENCY_SHUTDOWN."
2026-04-30T08:38:09.106937+00:00,PUMP-A1-Houston-Plant,8.233,65.48,4.576,1706,imbalance,-1,-0.6507,8.348,EMERGENCY_SHUTDOWN,CRITICAL,True,"[CRITICAL] Pump PUMP-A1-Houston-Plant reports vibration 8.23 mm/s, temperature 65.5 C, pressure 4.58 bar. Anomaly score: -0.651. Forecast: 8.35 mm/s in 5 ticks. Recommended action: EMERGENCY_SHUTDOWN."
2026-04-30T08:38:09.111338+00:00,PUMP-A1-Houston-Plant,8.093,65.46,4.569,1699,imbalance,-1,-0.6419,8.094,EMERGENCY_SHUTDOWN,CRITICAL,True,"[CRITICAL] Pump PUMP-A1-Houston-Plant reports vibration 8.09 mm/s, temperature 65.5 C, pressure 4.57 bar. Anomaly score: -0.642. Forecast: 8.09 mm/s in 5 ticks. Recommended action: EMERGENCY_SHUTDOWN."
2026-04-30T08:38:09.118392+00:00,PUMP-A1-Houston-Plant,7.846,65.41,4.456,1703,imbalance,1,-0.5856,8.018,EMERGENCY_SHUTDOWN,CRITICAL,True,"[CRITICAL] Pump PUMP-A1-Houston-Plant reports vibration 7.85 mm/s, temperature 65.4 C, pressure 4.46 bar. Anomaly score: -0.586. Forecast: 8.02 mm/s in 5 ticks. Recommended action: EMERGENCY_SHUTDOWN."
2026-04-30T08:38:09.126519+00:00,PUMP-A1-Houston-Plant,7.907,65.42,4.521,1707,imbalance,1,-0.5998,8.084,EMERGENCY_SHUTDOWN,CRITICAL,True,"[CRITICAL] Pump PUMP-A1-Houston-Plant reports vibration 7.91 mm/s, temperature 65.4 C, pressure 4.52 bar. Anomaly score: -0.600. Forecast: 8.08 mm/s in 5 ticks. Recommended action: EMERGENCY_SHUTDOWN."
2026-04-30T08:38:09.132991+00:00,PUMP-A1-Houston-Plant,7.988,65.41,4.452,1707,imbalance,1,-0.599,8.106,EMERGENCY_SHUTDOWN,CRITICAL,True,"[CRITICAL] Pump PUMP-A1-Houston-Plant reports vibration 7.99 mm/s, temperature 65.4 C, pressure 4.45 bar. Anomaly score: -0.599. Forecast: 8.11 mm/s in 5 ticks. Recommended action: EMERGENCY_SHUTDOWN."
2026-04-30T08:38:09.141877+00:00,PUMP-A1-Houston-Plant,7.709,65.26,4.519,1695,imbalance,1,-0.5869,7.999,EMERGENCY_SHUTDOWN,CRITICAL,True,"[CRITICAL] Pump PUMP-A1-Houston-Plant reports vibration 7.71 mm/s, temperature 65.3 C, pressure 4.52 bar. Anomaly score: -0.587. Forecast: 8.00 mm/s in 5 ticks. Recommended action: EMERGENCY_SHUTDOWN."
2026-04-30T08:38:09.148652+00:00,PUMP-A1-Houston-Plant,7.952,63.93,4.47,1713,imbalance,-1,-0.6266,8.061,EMERGENCY_SHUTDOWN,CRITICAL,True,"[CRITICAL] Pump PUMP-A1-Houston-Plant reports vibration 7.95 mm/s, temperature 63.9 C, pressure 4.47 bar. Anomaly score: -0.627. Forecast: 8.06 mm/s in 5 ticks. Recommended action: EMERGENCY_SHUTDOWN."
2026-04-30T08:38:09.153680+00:00,PUMP-A1-Houston-Plant,7.729,64.38,4.518,1702,imbalance,-1,-0.6055,8.139,EMERGENCY_SHUTDOWN,CRITICAL,True,"[CRITICAL] Pump PUMP-A1-Houston-Plant reports vibration 7.73 mm/s, temperature 64.4 C, pressure 4.52 bar. Anomaly score: -0.606. Forecast: 8.14 mm/s in 5 ticks. Recommended action: EMERGENCY_SHUTDOWN."
2026-04-30T08:38:09.157749+00:00,PUMP-A1-Houston-Plant,7.941,65.22,4.579,1706,imbalance,-1,-0.6295,8.073,EMERGENCY_SHUTDOWN,CRITICAL,True,"[CRITICAL] Pump PUMP-A1-Houston-Plant reports vibration 7.94 mm/s, temperature 65.2 C, pressure 4.58 bar. Anomaly score: -0.629. Forecast: 8.07 mm/s in 5 ticks. Recommended action: EMERGENCY_SHUTDOWN."
2026-04-30T08:38:09.162929+00:00,PUMP-A1-Houston-Plant,8.096,65.84,4.517,1710,imbalance,-1,-0.6101,8.031,EMERGENCY_SHUTDOWN,CRITICAL,True,"[CRITICAL] Pump PUMP-A1-Houston-Plant reports vibration 8.10 mm/s, temperature 65.8 C, pressure 4.52 bar. Anomaly score: -0.610. Forecast: 8.03 mm/s in 5 ticks. Recommended action: EMERGENCY_SHUTDOWN."
2026-04-30T08:38:09.167278+00:00,PUMP-A1-Houston-Plant,7.864,65.36,4.49,1717,imbalance,1,-0.5914,8.113,EMERGENCY_SHUTDOWN,CRITICAL,True,"[CRITICAL] Pump PUMP-A1-Houston-Plant reports vibration 7.86 mm/s, temperature 65.4 C, pressure 4.49 bar. Anomaly score: -0.591. Forecast: 8.11 mm/s in 5 ticks. Recommended action: EMERGENCY_SHUTDOWN."
